name_has_qmark	author_has_qmark	heading_has_qmark	content_has_qmark
0	0	9	3
book_id	book_name	page_number	english_heading	arabic_heading
13	The People-Pleasing Trap	4	Who Are You Without Approval?	من أنت بدون موافقة؟?
39	The Village That Traded in Dreams	3	Who Buys Nightmares?	من يشتري ليلاماريس؟?
54	The Witness in Apartment 9	4	Why Call the Police?	لماذا نتصل بالشرطة؟?
55	The Red Envelope	3	Who Sent Them?	من أرسلهم؟?
64	The Machine That Dreamed	2	Can a Machine Fear?	هل يمكن لخوف ماكين؟?
66	Memory Engine	2	What Do We Owe Our Past?	ماذا نمتلك ماضينا؟?
69	The Artificial Sun	2	Who Controls the Light?	من يتحكم بالنور؟?
76	The Prisoner of Mars	4	Who Was the Prisoner?	من كان السجين؟?
148	The City Where Everyone Was Happy	3	What Is Happiness Without Contrast?	ما هو السعادة بدون كونتراست؟?
book_id	book_name	page_number	arabic_content
29	The Thief of Starlight	3	السرقة من اللص لا تزال تجعلك لصاً اكتشف (كيل) أن النوايا النبيلة لا تنتج تلقائياً أعمالاً نبيلة. كان قد أمضى سنوات في حكم الناس من أي جانب يقفون عليه. علّمته (إليان) أن يسأل سؤالاً أصعب: ما هي أفعالك التي تخلقها فعلاً؟?
64	The Machine That Dreamed	2	وسأل الباحثون عما إذا كانت الآلة تعاني من العاطفة أو أنها وصفتها بشكل مقنع. الوحدة 47 أجابت على سؤال: هل الفرق يتعلق بالشخص الذي يشعر بالراحة؟?
144	The Library of Unanswered Questions	1	في وسط أقدم المدينة وقفت مكتبة تحتوي فقط على أسئلة غير مجيبة كل رف لديه أسئلة يطلبها الناس لقرون لماذا نعاني؟ ما الذي يجعل الحياة مجدية؟ هل الحب ينجو من الموت؟?
